month,ipca_12m,ipca_mom,ipca_yoy,month_key
1980-12-01,99.25,,,1980-12
1981-01-01,99.67,0.004231738035264554,,1981-01
1981-02-01,103.07,0.03411257148590341,,1981-02
1981-03-01,101.03,-0.019792374114679268,,1981-03
1981-04-01,103.27,0.022171632188458856,,1981-04
1981-05-01,103.0,-0.00261450566476229,,1981-05
1981-06-01,103.41,0.003980582524271803,,1981-06
1981-07-01,104.78,0.01324823518035001,,1981-07
1981-08-01,105.85,0.010211872494750862,,1981-08
1981-09-01,107.88,0.019178082191780854,,1981-09
1981-10-01,99.52,-0.07749351130886173,,1981-10
1981-11-01,96.89,-0.026426848874598008,,1981-11
1981-12-01,95.62,-0.013107647848075055,-0.036574307304785836,1981-12
1982-01-01,95.86,0.002509935160008414,-0.03822614628273302,1982-01
1982-02-01,96.29,0.004485708324640125,-0.0657805374987871,1982-02
1982-03-01,97.68,0.01443555924810469,-0.033158467781846945,1982-03
1982-04-01,96.61,-0.01095413595413608,-0.06449113973080267,1982-04
1982-05-01,98.65,0.021115826518993908,-0.04223300970873778,1982-05
1982-06-01,101.64,0.030309173846933657,-0.017116333043225906,1982-06
1982-07-01,101.84,0.001967729240456517,-0.02805878984539034,1982-07
1982-08-01,102.75,0.008935585231736098,-0.029286726499763716,1982-08
1982-09-01,102.41,-0.003309002433090069,-0.05070448646644421,1982-09
1982-10-01,101.19,-0.011912899130944288,0.016780546623794246,1982-10
1982-11-01,101.22,0.00029647198339755043,0.04468985447414586,1982-11
1982-12-01,104.79,0.03526970954356856,0.0959004392386531,1982-12
1983-01-01,108.0,0.030632693959347312,0.12664302107239722,1983-01
1983-02-01,110.38,0.022037037037037077,0.1463287984214352,1983-02
1983-03-01,113.63,0.02944373980793613,0.16328828828828823,1983-03
1983-04-01,115.03,0.012320689958637665,0.19066349239209202,1983-04
1983-05-01,114.67,-0.0031296183604276884,0.16239229599594518,1983-05
1983-06-01,120.24,0.04857416935554193,0.18299881936245566,1983-06
1983-07-01,127.94,0.06403858948769137,0.25628436763550666,1983-07
1983-08-01,134.69,0.0527591058308583,0.3108515815085158,1983-08
1983-09-01,146.35,0.08656915880911731,0.4290596621423688,1983-09
1983-10-01,156.78,0.07126750939528526,0.5493625852356954,1983-10
1983-11-01,161.9,0.03265722668707749,0.5994862675360602,1983-11
1983-12-01,164.01,0.013032736256948674,0.565130260521042,1983-12
1984-01-01,166.51,0.015242972989451875,0.5417592592592593,1984-01
1984-02-01,170.57,0.02438291994474806,0.5452980612429787,1984-02
1984-03-01,174.59,0.02356803658322093,0.5364780427703952,1984-03
1984-04-01,182.22,0.04370238845294683,0.5841084934364948,1984-04
1984-05-01,189.03,0.03737240698057298,0.6484695212348479,1984-05
1984-06-01,189.55,0.002750886102734995,0.5764304723885565,1984-06
1984-07-01,188.62,-0.004906357161698849,0.4742848210098485,1984-07
1984-08-01,189.25,0.003340048775315463,0.405078328012473,1984-08
1984-09-01,193.05,0.020079260237780838,0.3190980526135976,1984-09
1984-10-01,197.27,0.02185962185962187,0.2582599821405791,1984-10
1984-11-01,205.97,0.044101992193440465,0.27220506485484863,1984-11
1984-12-01,215.26,0.04510365587221443,0.3124809462837632,1984-12
1985-01-01,221.27,0.027919724983740624,0.3288691369887695,1985-01
1985-02-01,225.28,0.01812265557915671,0.3207480799671689,1985-02
1985-03-01,228.93,0.01620205965909083,0.31124348473566643,1985-03
1985-04-01,224.88,-0.01769099724806711,0.23411261112940407,1985-04
1985-05-01,219.36,-0.0245464247598719,0.16045072210760214,1985-05
1985-06-01,214.76,-0.020970094821298413,0.1329992086520706,1985-06
1985-07-01,216.44,0.007822685788787531,0.14749231258615203,1985-07
1985-08-01,224.26,0.03613010534097216,0.18499339498018497,1985-08
1985-09-01,222.43,-0.008160171229822488,0.1521885521885522,1985-09
1985-10-01,222.95,0.0023378141437755406,0.13017691488822414,1985-10
1985-11-01,233.02,0.04516707782013918,0.1313298053114531,1985-11
1985-12-01,242.23,0.03952450433439192,0.12529034655765114,1985-12
1986-01-01,250.23,0.03302646245304053,0.13088082433226367,1986-01
1986-02-01,256.08,0.023378491787555467,0.13671875,1986-02
1986-03-01,238.65,-0.06806466729147131,0.04245839339536106,1986-03
1986-04-01,215.44,-0.09725539492981361,-0.04197794379224473,1986-04
1986-05-01,198.38,-0.07918678054214634,-0.09564186725018242,1986-05
1986-06-01,178.52,-0.10011089827603581,-0.16874650772955846,1986-06
1986-07-01,156.8,-0.12166704010755092,-0.2755498059508408,1986-07
1986-08-01,137.33,-0.12417091836734695,-0.3876304289663782,1986-08
1986-09-01,117.25,-0.14621714119274742,-0.4728678685429124,1986-09
1986-10-01,100.13,-0.14601279317697236,-0.5508858488450326,1986-10
1986-11-01,85.17,-0.14940577249575548,-0.6344948931422196,1986-11
1986-12-01,79.66,-0.06469414112950578,-0.6711390001238493,1986-12
1987-01-01,77.84,-0.02284710017574687,-0.6889261879071253,1987-01
1987-02-01,77.71,-0.0016700924974307751,-0.6965401437050922,1987-02
1987-03-01,97.39,0.25324926006948933,-0.5919128430756337,1987-03
1987-04-01,133.27,0.368415648423863,-0.3814054957296694,1987-04
1987-05-01,179.4,0.34613941622270583,-0.09567496723460023,1987-05
1987-06-01,230.27,0.28355629877369015,0.2898834864440958,1987-06
1987-07-01,254.63,0.10578885655969072,0.6239158163265304,1987-07
1987-08-01,259.14,0.017711974237128336,0.886987548241462,1987-08
1987-09-01,280.55,0.08261943351084367,1.3927505330490404,1987-09
1987-10-01,315.35,0.12404206023881659,2.149405772495756,1987-10
1987-11-01,353.27,0.12024734422070704,3.1478220030527178,1987-11
1987-12-01,363.41,0.02870325813117458,3.562013557619885,1987-12
1988-01-01,386.67,0.0640048430147766,3.967497430626927,1988-01
1988-02-01,399.9,0.03421522228256646,4.146055848668126,1988-02
1988-03-01,405.18,0.013203300825206377,3.1603860765992406,1988-03
1988-04-01,405.99,0.0019991115059974085,2.0463720267126884,1988-04
1988-05-01,389.19,-0.04138032956476767,1.1693979933110366,1988-05
1988-06-01,398.54,0.024024255505023406,0.7307508576888002,1988-06
1988-07-01,456.52,0.14548100567069788,0.7928759376349999,1988-07
1988-08-01,545.24,0.19433978796109708,1.104036428185537,1988-08
1988-09-01,662.99,0.2159599442447362,1.3631794689003742,1988-09
1988-10-01,761.78,0.14900677234950743,1.4156651339781194,1988-10
1988-11-01,858.09,0.12642757751581835,1.4289919891301275,1988-11
1988-12-01,980.21,0.1423160740714844,1.6972565421975179,1988-12
1989-01-01,1149.22,0.17242223605145846,1.9720950681459644,1989-01
1989-02-01,1160.88,0.010146012077757227,1.9029257314328585,1989-02
1989-03-01,1045.29,-0.09957101509199928,1.5798163779061158,1989-03
1989-04-01,940.07,-0.10066106056692392,1.3155003817828028,1989-04
1989-05-01,944.5,0.0047124150329229675,1.4268352218710656,1989-05
1989-06-01,1001.44,0.06028586553732129,1.5127716163998595,1989-06
1989-07-01,1054.11,0.05259426425946612,1.309011653377727,1989-07
1989-08-01,1169.15,0.10913472028535942,1.1442850854669504,1989-08
1989-09-01,1269.82,0.08610529016807078,0.9152928400126699,1989-09
1989-10-01,1424.12,0.12151328534752959,0.8694636246685394,1989-10
1989-11-01,1660.95,0.1662991882706515,0.935636122085096,1989-11
1989-12-01,1972.91,0.1878202233661459,1.0127421674947206,1989-12
1990-01-01,2426.12,0.22971651012970673,1.1111014427176693,1990-01
1990-02-01,3701.29,0.5256005473760572,2.1883484942457443,1990-02
1990-03-01,6390.53,0.7265683045640843,5.113643103827646,1990-03
1990-04-01,6821.31,0.06740911943140881,6.256172412692671,1990-04
1990-05-01,6214.99,-0.08888615236662756,5.58019057702488,1990-05
1990-06-01,5385.43,-0.13347728636731504,4.377686131969964,1990-06
1990-07-01,4749.03,-0.11817069389073864,3.505250875145858,1990-07
1990-08-01,3993.62,-0.15906616719624844,2.415832014711542,1990-08
1990-09-01,3304.71,-0.17250264171353302,1.6025027169205086,1990-09
1990-10-01,2685.74,-0.1872993394276654,0.8858944470971548,1990-10
1990-11-01,2101.34,-0.21759366133728497,0.265143442006081,1990-11
1990-12-01,1620.97,-0.22860174935993227,-0.17838624164305517,1990-12
1991-01-01,1140.27,-0.29655083067545973,-0.5300026379569024,1991-01
1991-02-01,752.02,-0.34048953318073794,-0.7968221890205847,1991-02
1991-03-01,422.84,-0.43772772000744664,-0.9338333440262389,1991-03
1991-04-01,375.18,-0.11271402894711946,-0.9449988345347154,1991-04
1991-05-01,374.48,-0.0018657710965402918,-0.9397456793977143,1991-05
1991-06-01,372.1,-0.006355479598376457,-0.9309061671955629,1991-06
1991-07-01,369.96,-0.005751142166084522,-0.9220977757563124,1991-07
1991-08-01,381.41,0.03094929181533157,-0.9044951697958243,1991-08
1991-09-01,386.55,0.013476311580713718,-0.8830305836215583,1991-09
1991-10-01,411.52,0.06459707670417791,-0.8467759351240254,1991-10
1991-11-01,448.31,0.08940027216174196,-0.7866551819315294,1991-11
1991-12-01,472.7,0.05440431844036486,-0.7083844858325571,1991-12
1992-01-01,497.32,0.05208377406388842,-0.5638576828295052,1992-01
1992-02-01,515.13,0.035811952063057984,-0.3150049200819127,1992-02
1992-03-01,567.21,0.1011006930289442,0.3414293822722545,1992-03
1992-04-01,662.16,0.16739831808324945,0.7649128418359186,1992-04
1992-05-01,785.81,0.18673734444847168,1.0984031189916683,1992-05
1992-06-01,857.68,0.0914597676283071,1.3049717817790913,1992-06
1992-07-01,937.94,0.09357802443801888,1.5352470537355392,1992-07
1992-08-01,996.37,0.06229609569908523,1.6123331847618045,1992-08
1992-09-01,1081.7,0.08564087638126394,1.798344328030009,1992-09
1992-10-01,1130.94,0.04552093926227241,1.7482017884914467,1992-10
1992-11-01,1104.2,-0.023644048313792076,1.463027815574045,1992-11
1992-12-01,1119.1,0.0134939322586487,1.3674635075100485,1992-12
1993-01-01,1161.79,0.038146725046912744,1.3361015040617712,1993-01
1993-02-01,1168.49,0.005766963048399409,1.2683400306718693,1993-02
1993-03-01,1229.71,0.05239240387166344,1.1679977433402091,1993-03
1993-04-01,1316.42,0.07051255987183969,0.9880693487978738,1993-04
1993-05-01,1348.52,0.024384315036234616,0.7160891309604103,1993-05
1993-06-01,1467.33,0.08810399549135339,0.7108128905885644,1993-06
1993-07-01,1581.7,0.07794429337640474,0.6863552039576091,1993-07
1993-08-01,1730.67,0.09418347347790346,0.7369752200487771,1993-08
1993-09-01,1893.13,0.09387115972426874,0.7501432929647778,1993-09
1993-10-01,2031.27,0.07296910407631807,0.7960899782481827,1993-10
1993-11-01,2258.68,0.11195458998557539,1.045535229125158,1993-11
1993-12-01,2477.15,0.09672463562788902,1.2135197926905552,1993-12
1994-01-01,2693.84,0.08747552631047784,1.318697871388117,1994-01
1994-02-01,3035.71,0.12690805690018703,1.597976876139291,1994-02
1994-03-01,3417.39,0.12573005985420216,1.7790210700083757,1994-03
1994-04-01,3828.49,0.12029648357372147,1.908258762401057,1994-04
1994-05-01,4331.19,0.13130503148760986,2.211809984279061,1994-05
1994-06-01,4922.6,0.13654676890184936,2.3548008968670993,1994-06
1994-07-01,4005.08,-0.18638930646406382,1.5321363090345828,1994-07
1994-08-01,3044.89,-0.23974302635652722,0.7593706483616169,1994-08
1994-09-01,2253.15,-0.26002252954950744,0.19017183183405262,1994-09
1994-10-01,1703.17,-0.24409382420167325,-0.16152456345045219,1994-10
1994-11-01,1267.54,-0.25577599417556685,-0.4388138204615085,1994-11
1994-12-01,916.46,-0.27697745238809024,-0.6300345154714087,1994-12
1995-01-01,631.54,-0.3108919101761125,-0.7655614290381018,1995-01
1995-02-01,426.83,-0.3241441555562593,-0.8593969779722042,1995-02
1995-03-01,274.78,-0.35623081789002653,-0.9195936079873822,1995-03
1995-04-01,169.05,-0.3847805517140984,-0.9558442101193944,1995-04
1995-05-01,91.79,-0.45702454895001476,-0.9788072100277291,1995-05
1995-06-01,33.03,-0.6401568798344046,-0.993290131231463,1995-06
1995-07-01,27.45,-0.16893732970027253,-0.9931462043205129,1995-07
1995-08-01,26.36,-0.03970856102003639,-0.9913428728131394,1995-08
1995-09-01,25.69,-0.02541729893778444,-0.9885981847635532,1995-09
1995-10-01,24.21,-0.057609964966913174,-0.9857853297087196,1995-10
1995-11-01,22.59,-0.06691449814126393,-0.9821780772204427,1995-11
1995-12-01,22.41,-0.007968127490039834,-0.9755472142810379,1995-12
1996-01-01,21.97,-0.01963409192324861,-0.9652120214079868,1996-01
1996-02-01,21.99,0.0009103322712789019,-0.9484806597474404,1996-02
1996-03-01,20.55,-0.06548431105047736,-0.9252128975907999,1996-03
1996-04-01,19.17,-0.06715328467153281,-0.8866015971606034,1996-04
1996-05-01,17.49,-0.0876369327073554,-0.8094563677960562,1996-05
1996-06-01,16.26,-0.07032590051457954,-0.5077202543142597,1996-06
1996-07-01,14.84,-0.08733087330873324,-0.4593806921675774,1996-07
1996-08-01,14.21,-0.04245283018867918,-0.4609256449165402,1996-08
1996-09-01,13.26,-0.06685432793807189,-0.4838458544180615,1996-09
1996-10-01,12.02,-0.09351432880844646,-0.5035109458901281,1996-10
1996-11-01,10.75,-0.10565723793677206,-0.5241257193448429,1996-11
1996-12-01,9.56,-0.11069767441860456,-0.573404730031236,1996-12
1997-01-01,9.39,-0.01778242677824271,-0.5725989986345015,1997-01
1997-02-01,8.82,-0.060702875399361034,-0.5989085948158253,1997-02
1997-03-01,8.99,0.01927437641723362,-0.5625304136253042,1997-03
1997-04-01,8.58,-0.04560622914349277,-0.5524256651017214,1997-04
1997-05-01,7.71,-0.10139860139860146,-0.5591766723842195,1997-05
1997-06-01,7.02,-0.08949416342412453,-0.5682656826568266,1997-06
1997-07-01,6.08,-0.1339031339031338,-0.5902964959568733,1997-07
1997-08-01,5.59,-0.08059210526315796,-0.6066150598170303,1997-08
1997-09-01,5.5,-0.01610017889087656,-0.5852187028657616,1997-09
1997-10-01,5.42,-0.014545454545454528,-0.5490848585690515,1997-10
1997-11-01,5.27,-0.027675276752767597,-0.5097674418604652,1997-11
1997-12-01,5.22,-0.009487666034155517,-0.4539748953974896,1997-12
1998-01-01,4.73,-0.09386973180076619,-0.4962726304579339,1998-01
1998-02-01,4.69,-0.008456659619450302,-0.46825396825396826,1998-02
1998-03-01,4.52,-0.03624733475479758,-0.49721913236929927,1998-03
1998-04-01,3.85,-0.14823008849557517,-0.5512820512820513,1998-04
1998-05-01,3.95,0.025974025974025983,-0.48767833981841757,1998-05
1998-06-01,3.41,-0.13670886075949362,-0.5142450142450141,1998-06
1998-07-01,3.06,-0.1026392961876833,-0.4967105263157895,1998-07
1998-08-01,2.55,-0.16666666666666674,-0.5438282647584973,1998-08
1998-09-01,2.27,-0.1098039215686274,-0.5872727272727273,1998-09
1998-10-01,2.05,-0.09691629955947145,-0.6217712177121771,1998-10
1998-11-01,1.76,-0.14146341463414625,-0.6660341555977229,1998-11
1998-12-01,1.65,-0.0625,-0.6839080459770115,1998-12
1999-01-01,1.65,0.0,-0.6511627906976745,1999-01
1999-02-01,2.24,0.3575757575757579,-0.5223880597014925,1999-02
1999-03-01,3.02,0.3482142857142856,-0.331858407079646,1999-03
1999-04-01,3.35,0.10927152317880795,-0.1298701298701299,1999-04
1999-05-01,3.14,-0.06268656716417909,-0.2050632911392405,1999-05
1999-06-01,3.32,0.0573248407643312,-0.026392961876832932,1999-06
1999-07-01,4.57,0.3765060240963858,0.4934640522875817,1999-07
1999-08-01,5.69,0.24507658643326047,1.2313725490196084,1999-08
1999-09-01,6.25,0.09841827768014055,1.753303964757709,1999-09
1999-10-01,7.5,0.19999999999999996,2.658536585365854,1999-10
1999-11-01,8.65,0.15333333333333332,3.9147727272727275,1999-11
1999-12-01,8.94,0.03352601156069346,4.418181818181818,1999-12
2000-01-01,8.85,-0.010067114093959662,4.363636363636363,2000-01
2000-02-01,7.86,-0.11186440677966092,2.508928571428571,2000-02
2000-03-01,6.92,-0.11959287531806617,1.2913907284768213,2000-03
2000-04-01,6.77,-0.021676300578034713,1.0208955223880594,2000-04
2000-05-01,6.47,-0.04431314623338256,1.0605095541401273,2000-05
2000-06-01,6.51,0.0061823802163833985,0.9608433734939759,2000-06
2000-07-01,7.06,0.08448540706605212,0.5448577680525162,2000-07
2000-08-01,7.86,0.11331444759206799,0.38137082601054484,2000-08
2000-09-01,7.77,-0.011450381679389388,0.24319999999999986,2000-09
2000-10-01,6.65,-0.144144144144144,-0.11333333333333329,2000-10
2000-11-01,5.99,-0.09924812030075192,-0.307514450867052,2000-11
2000-12-01,5.97,-0.0033388981636061077,-0.33221476510067116,2000-12
2001-01-01,5.92,-0.008375209380234505,-0.33107344632768365,2001-01
2001-02-01,6.27,0.05912162162162149,-0.20229007633587792,2001-02
2001-03-01,6.44,0.027113237639553533,-0.06936416184971095,2001-03
2001-04-01,6.61,0.026397515527950333,-0.023633677991137247,2001-04
2001-05-01,7.04,0.06505295007564293,0.08809891808346215,2001-05
2001-06-01,7.35,0.04403409090909083,0.12903225806451601,2001-06
2001-07-01,7.05,-0.04081632653061218,-0.0014164305949008194,2001-07
2001-08-01,6.41,-0.09078014184397154,-0.18447837150127233,2001-08
2001-09-01,6.46,0.007800312012480548,-0.16859716859716856,2001-09
2001-10-01,7.19,0.11300309597523217,0.08120300751879705,2001-10
2001-11-01,7.61,0.05841446453407517,0.27045075125208684,2001-11
2001-12-01,7.67,0.007884362680683266,0.2847571189279732,2001-12
2002-01-01,7.62,-0.006518904823989535,0.2871621621621623,2002-01
2002-02-01,7.51,-0.014435695538057791,0.19776714513556626,2002-02
2002-03-01,7.75,0.031957390146471365,0.20341614906832284,2002-03
2002-04-01,7.98,0.029677419354838808,0.20726172465960668,2002-04
2002-05-01,7.77,-0.026315789473684292,0.10369318181818166,2002-05
2002-06-01,7.66,-0.014157014157014092,0.042176870748299455,2002-06
2002-07-01,7.51,-0.019582245430809442,0.0652482269503547,2002-07
2002-08-01,7.46,-0.0066577896138482195,0.1638065522620904,2002-08
2002-09-01,7.93,0.06300268096514738,0.22755417956656343,2002-09
2002-10-01,8.45,0.06557377049180313,0.17524339360222507,2002-10
2002-11-01,10.93,0.29349112426035506,0.43626806833114307,2002-11
2002-12-01,12.53,0.1463860933211345,0.633637548891786,2002-12
2003-01-01,14.47,0.15482841181165208,0.8989501312335959,2003-01
2003-02-01,15.85,0.0953697304768486,1.1105193075898803,2003-02
2003-03-01,16.57,0.045425867507886464,1.1380645161290324,2003-03
2003-04-01,16.77,0.012070006035002967,1.1015037593984962,2003-04
2003-05-01,17.24,0.02802623732856291,1.2187902187902186,2003-05
2003-06-01,16.57,-0.03886310904872381,1.1631853785900783,2003-06
2003-07-01,15.43,-0.06879903439951718,1.0545938748335555,2003-07
2003-08-01,15.07,-0.02333117303953336,1.020107238605898,2003-08
2003-09-01,15.14,0.004644990046450026,0.909205548549811,2003-09
2003-10-01,13.98,-0.07661822985468958,0.6544378698224853,2003-10
2003-11-01,11.02,-0.2117310443490702,0.008234217749313766,2003-11
2003-12-01,9.3,-0.1560798548094373,-0.2577813248204309,2003-12
2004-01-01,7.71,-0.17096774193548392,-0.4671734623358673,2004-01
2004-02-01,6.69,-0.13229571984435795,-0.5779179810725552,2004-02
2004-03-01,5.89,-0.11958146487294474,-0.6445383222691612,2004-03
2004-04-01,5.26,-0.1069609507640068,-0.6863446630888491,2004-04
2004-05-01,5.15,-0.02091254752851701,-0.701276102088167,2004-05
2004-06-01,6.06,0.17669902912621338,-0.6342788171394086,2004-06
2004-07-01,6.81,0.12376237623762387,-0.5586519766688269,2004-07
2004-08-01,7.18,0.05433186490455211,-0.5235567352355674,2004-08
2004-09-01,6.7,-0.06685236768802227,-0.5574636723910171,2004-09
2004-10-01,6.86,0.023880597014925398,-0.5092989985693848,2004-10
2004-11-01,7.24,0.055393586005830775,-0.3430127041742286,2004-11
2004-12-01,7.6,0.04972375690607733,-0.18279569892473124,2004-12
2005-01-01,7.41,-0.02499999999999991,-0.03891050583657585,2005-01
2005-02-01,7.39,-0.0026990553306343035,0.10463378176382654,2005-02
2005-03-01,7.54,0.020297699594046037,0.2801358234295417,2005-03
2005-04-01,8.07,0.07029177718832891,0.5342205323193918,2005-04
2005-05-01,8.05,-0.0024783147459727095,0.5631067961165048,2005-05
2005-06-01,7.27,-0.09689440993788834,0.1996699669966997,2005-06
2005-07-01,6.57,-0.09628610729023379,-0.03524229074889862,2005-07
2005-08-01,6.02,-0.08371385083713856,-0.1615598885793872,2005-08
2005-09-01,6.04,0.0033222591362127574,-0.09850746268656718,2005-09
2005-10-01,6.36,0.052980132450331174,-0.07288629737609331,2005-10
2005-11-01,6.22,-0.022012578616352307,-0.14088397790055252,2005-11
2005-12-01,5.69,-0.08520900321543401,-0.25131578947368416,2005-12
2006-01-01,5.7,0.0017574692442881013,-0.23076923076923073,2006-01
2006-02-01,5.51,-0.03333333333333344,-0.25439783491204326,2006-02
2006-03-01,5.32,-0.03448275862068961,-0.29442970822281167,2006-03
2006-04-01,4.63,-0.12969924812030087,-0.42627013630731103,2006-04
2006-05-01,4.23,-0.08639308855291561,-0.47453416149068317,2006-05
2006-06-01,4.03,-0.047281323877068626,-0.4456671251719394,2006-06
2006-07-01,3.97,-0.01488833746898266,-0.395738203957382,2006-07
2006-08-01,3.84,-0.032745591939546737,-0.362126245847176,2006-08
2006-09-01,3.7,-0.03645833333333326,-0.38741721854304634,2006-09
2006-10-01,3.26,-0.11891891891891904,-0.48742138364779886,2006-10
2006-11-01,3.02,-0.0736196319018404,-0.5144694533762058,2006-11
2006-12-01,3.14,0.039735099337748325,-0.44815465729349735,2006-12
2007-01-01,2.99,-0.047770700636942665,-0.475438596491228,2007-01
2007-02-01,3.02,0.010033444816053505,-0.4519056261343013,2007-02
2007-03-01,2.96,-0.019867549668874163,-0.443609022556391,2007-03
2007-04-01,3.0,0.013513513513513598,-0.3520518358531317,2007-04
2007-05-01,3.18,0.06000000000000005,-0.24822695035460995,2007-05
2007-06-01,3.69,0.1603773584905659,-0.08436724565756826,2007-06
2007-07-01,3.74,0.013550135501354976,-0.057934508816120944,2007-07
2007-08-01,4.18,0.11764705882352922,0.08854166666666674,2007-08
2007-09-01,4.15,-0.007177033492822837,0.12162162162162171,2007-09
2007-10-01,4.12,-0.0072289156626507145,0.2638036809815951,2007-10
2007-11-01,4.19,0.016990291262136026,0.38741721854304645,2007-11
2007-12-01,4.46,0.06443914081145574,0.42038216560509545,2007-12
2008-01-01,4.56,0.022421524663676973,0.5250836120401334,2008-01
2008-02-01,4.61,0.010964912280701844,0.5264900662251657,2008-02
2008-03-01,4.73,0.026030368763557465,0.597972972972973,2008-03
2008-04-01,5.04,0.06553911205073981,0.6799999999999999,2008-04
2008-05-01,5.58,0.1071428571428572,0.7547169811320753,2008-05
2008-06-01,6.06,0.08602150537634401,0.6422764227642275,2008-06
2008-07-01,6.37,0.051155115511551275,0.7032085561497325,2008-07
2008-08-01,6.17,-0.031397174254317095,0.47607655502392343,2008-08
2008-09-01,6.25,0.01296596434359798,0.506024096385542,2008-09
2008-10-01,6.41,0.025600000000000067,0.5558252427184467,2008-10
2008-11-01,6.39,-0.0031201248049922414,0.5250596658711215,2008-11
2008-12-01,5.9,-0.07668231611893572,0.3228699551569507,2008-12
2009-01-01,5.84,-0.01016949152542379,0.2807017543859649,2009-01
2009-02-01,5.9,0.010273972602739878,0.27982646420824286,2009-02
2009-03-01,5.61,-0.04915254237288136,0.18604651162790686,2009-03
2009-04-01,5.53,-0.014260249554367221,0.09722222222222232,2009-04
2009-05-01,5.2,-0.05967450271247743,-0.06810035842293904,2009-05
2009-06-01,4.8,-0.07692307692307698,-0.20792079207920788,2009-06
2009-07-01,4.5,-0.0625,-0.293563579277865,2009-07
2009-08-01,4.36,-0.03111111111111109,-0.293354943273906,2009-08
2009-09-01,4.34,-0.004587155963302836,-0.3056,2009-09
2009-10-01,4.17,-0.03917050691244239,-0.3494539781591264,2009-10
2009-11-01,4.22,0.011990407673860837,-0.3395931142410016,2009-11
2009-12-01,4.31,0.021327014218009532,-0.2694915254237289,2009-12
2010-01-01,4.59,0.06496519721577743,-0.21404109589041098,2010-01
2010-02-01,4.83,0.05228758169934644,-0.18135593220338986,2010-02
2010-03-01,5.17,0.07039337474120089,-0.07843137254901966,2010-03
2010-04-01,5.26,0.01740812379110257,-0.048824593128390714,2010-04
2010-05-01,5.22,-0.0076045627376425395,0.0038461538461538325,2010-05
2010-06-01,4.84,-0.07279693486590033,0.008333333333333304,2010-06
2010-07-01,4.6,-0.04958677685950419,0.022222222222222143,2010-07
2010-08-01,4.49,-0.02391304347826073,0.029816513761467878,2010-08
2010-09-01,4.7,0.04677060133630295,0.08294930875576045,2010-09
2010-10-01,5.2,0.1063829787234043,0.2470023980815348,2010-10
2010-11-01,5.63,0.08269230769230762,0.3341232227488151,2010-11
2010-12-01,5.91,0.04973357015985802,0.3712296983758703,2010-12
2011-01-01,5.99,0.013536379018612488,0.30501089324618746,2011-01
2011-02-01,6.01,0.0033388981636059967,0.24430641821946164,2011-02
2011-03-01,6.3,0.048252911813643884,0.2185686653771759,2011-03
2011-04-01,6.51,0.03333333333333344,0.2376425855513309,2011-04
2011-05-01,6.55,0.006144393241167334,0.25478927203065127,2011-05
2011-06-01,6.71,0.02442748091603053,0.38636363636363646,2011-06
2011-07-01,6.87,0.023845007451564815,0.49347826086956537,2011-07
2011-08-01,7.23,0.05240174672489095,0.6102449888641426,2011-08
2011-09-01,7.31,0.011065006915629283,0.5553191489361702,2011-09
2011-10-01,6.97,-0.046511627906976716,0.3403846153846153,2011-10
2011-11-01,6.64,-0.04734576757532283,0.17939609236234455,2011-11
2011-12-01,6.5,-0.02108433734939752,0.09983079526226724,2011-12
2012-01-01,6.22,-0.043076923076923124,0.03839732888146896,2012-01
2012-02-01,5.84,-0.06109324758842438,-0.028286189683860208,2012-02
2012-03-01,5.24,-0.10273972602739723,-0.1682539682539682,2012-03
2012-04-01,5.1,-0.026717557251908497,-0.21658986175115214,2012-04
2012-05-01,4.99,-0.021568627450980316,-0.23816793893129762,2012-05
2012-06-01,4.92,-0.014028056112224463,-0.2667660208643815,2012-06
2012-07-01,5.2,0.05691056910569103,-0.24308588064046577,2012-07
2012-08-01,5.24,0.007692307692307665,-0.2752420470262794,2012-08
2012-09-01,5.28,0.007633587786259444,-0.2777017783857728,2012-09
2012-10-01,5.45,0.032196969696969724,-0.21807747489239593,2012-10
2012-11-01,5.53,0.014678899082568808,-0.16716867469879515,2012-11
2012-12-01,5.84,0.05605786618444841,-0.10153846153846158,2012-12
2013-01-01,6.15,0.05308219178082196,-0.01125401929260439,2013-01
2013-02-01,6.31,0.0260162601626015,0.08047945205479445,2013-02
2013-03-01,6.59,0.044374009508716394,0.25763358778625944,2013-03
2013-04-01,6.49,-0.015174506828528056,0.2725490196078433,2013-04
2013-05-01,6.5,0.0015408320493066618,0.30260521042084165,2013-05
2013-06-01,6.7,0.030769230769230882,0.3617886178861789,2013-06
2013-07-01,6.27,-0.06417910447761199,0.2057692307692307,2013-07
2013-08-01,6.09,-0.028708133971291794,0.1622137404580153,2013-08
2013-09-01,5.86,-0.0377668308702791,0.10984848484848486,2013-09
2013-10-01,5.84,-0.0034129692832765013,0.07155963302752277,2013-10
2013-11-01,5.77,-0.011986301369863117,0.04339963833634708,2013-11
2013-12-01,5.91,0.024263431542461023,0.011986301369863117,2013-12
2014-01-01,5.59,-0.05414551607445017,-0.09105691056910581,2014-01
2014-02-01,5.68,0.01610017889087656,-0.09984152139461167,2014-02
2014-03-01,6.15,0.08274647887323949,-0.06676783004552345,2014-03
2014-04-01,6.28,0.021138211382113692,-0.03235747303543912,2014-04
2014-05-01,6.37,0.014331210191082855,-0.020000000000000018,2014-05
2014-06-01,6.52,0.023547880690737655,-0.0268656716417911,2014-06
2014-07-01,6.5,-0.0030674846625766694,0.036682615629984205,2014-07
2014-08-01,6.51,0.0015384615384614886,0.06896551724137923,2014-08
2014-09-01,6.75,0.03686635944700467,0.15187713310580198,2014-09
2014-10-01,6.59,-0.02370370370370367,0.12842465753424648,2014-10
2014-11-01,6.56,-0.004552352048558417,0.13691507798960134,2014-11
2014-12-01,6.41,-0.02286585365853655,0.08460236886632821,2014-12
2015-01-01,7.14,0.1138845553822152,0.27728085867620744,2015-01
2015-02-01,7.7,0.07843137254901977,0.3556338028169015,2015-02
2015-03-01,8.13,0.05584415584415603,0.3219512195121952,2015-03
2015-04-01,8.17,0.004920049200491938,0.30095541401273884,2015-04
2015-05-01,8.47,0.0367197062423501,0.32967032967032983,2015-05
2015-06-01,8.89,0.04958677685950419,0.36349693251533766,2015-06
2015-07-01,9.56,0.07536557930258714,0.47076923076923083,2015-07
2015-08-01,9.53,-0.003138075313807609,0.46390168970814116,2015-08
2015-09-01,9.49,-0.0041972717733472775,0.405925925925926,2015-09
2015-10-01,9.93,0.04636459430979967,0.5068285280728375,2015-10
2015-11-01,10.48,0.05538771399798592,0.5975609756097562,2015-11
2015-12-01,10.67,0.018129770992366456,0.6645865834633384,2015-12
2016-01-01,10.71,0.0037488284910967007,0.5000000000000002,2016-01
2016-02-01,10.36,-0.03267973856209161,0.34545454545454546,2016-02
2016-03-01,9.39,-0.0936293436293435,0.15498154981549805,2016-03
2016-04-01,9.28,-0.011714589989350488,0.13586291309669507,2016-04
2016-05-01,9.32,0.004310344827586299,0.10035419126328216,2016-05
2016-06-01,8.84,-0.05150214592274682,-0.0056242969628796935,2016-06
2016-07-01,8.74,-0.011312217194570096,-0.08577405857740583,2016-07
2016-08-01,8.97,0.026315789473684292,-0.05876180482686244,2016-08
2016-09-01,8.48,-0.05462653288740249,-0.1064278187565858,2016-09
2016-10-01,7.87,-0.07193396226415094,-0.20745216515609266,2016-10
2016-11-01,6.99,-0.1118170266836086,-0.3330152671755725,2016-11
2016-12-01,6.29,-0.10014306151645214,-0.4104967197750703,2016-12
2017-01-01,5.35,-0.14944356120826718,-0.5004668534080299,2017-01
2017-02-01,4.76,-0.11028037383177569,-0.5405405405405406,2017-02
2017-03-01,4.57,-0.03991596638655448,-0.5133120340788073,2017-03
2017-04-01,4.08,-0.10722100656455147,-0.5603448275862069,2017-04
2017-05-01,3.6,-0.11764705882352944,-0.6137339055793991,2017-05
2017-06-01,3.0,-0.16666666666666674,-0.6606334841628959,2017-06
2017-07-01,2.71,-0.09666666666666668,-0.6899313501144164,2017-07
2017-08-01,2.46,-0.09225092250922506,-0.725752508361204,2017-08
2017-09-01,2.54,0.03252032520325199,-0.7004716981132075,2017-09
2017-10-01,2.7,0.06299212598425208,-0.6569250317662008,2017-10
2017-11-01,2.8,0.03703703703703698,-0.5994277539341917,2017-11
2017-12-01,2.95,0.0535714285714286,-0.5310015898251192,2017-12
2018-01-01,2.86,-0.03050847457627126,-0.4654205607476636,2018-01
2018-02-01,2.84,-0.006993006993006978,-0.40336134453781514,2018-02
2018-03-01,2.68,-0.05633802816901401,-0.4135667396061269,2018-03
2018-04-01,2.76,0.02985074626865658,-0.32352941176470595,2018-04
2018-05-01,2.86,0.03623188405797095,-0.2055555555555556,2018-05
2018-06-01,4.39,0.534965034965035,0.46333333333333315,2018-06
2018-07-01,4.48,0.0205011389521641,0.6531365313653139,2018-07
2018-08-01,4.19,-0.0647321428571429,0.7032520325203253,2018-08
2018-09-01,4.53,0.0811455847255369,0.783464566929134,2018-09
2018-10-01,4.56,0.0066225165562912025,0.6888888888888887,2018-10
2018-11-01,4.05,-0.11184210526315785,0.4464285714285714,2018-11
2018-12-01,3.75,-0.07407407407407407,0.27118644067796605,2018-12
2019-01-01,3.78,0.008000000000000007,0.32167832167832167,2019-01
2019-02-01,3.89,0.029100529100529293,0.369718309859155,2019-02
2019-03-01,4.58,0.17737789203084842,0.708955223880597,2019-03
2019-04-01,4.94,0.0786026200873362,0.7898550724637683,2019-04
2019-05-01,4.66,-0.05668016194331993,0.6293706293706296,2019-05
2019-06-01,3.37,-0.276824034334764,-0.23234624145785865,2019-06
2019-07-01,3.22,-0.04451038575667654,-0.28125,2019-07
2019-08-01,3.43,0.0652173913043479,-0.18138424821002386,2019-08
2019-09-01,2.89,-0.1574344023323615,-0.36203090507726265,2019-09
2019-10-01,2.54,-0.12110726643598624,-0.4429824561403508,2019-10
2019-11-01,3.27,0.28740157480314954,-0.19259259259259254,2019-11
2019-12-01,4.31,0.31804281345565744,0.14933333333333332,2019-12
2020-01-01,4.19,-0.027842227378190088,0.1084656084656086,2020-01
2020-02-01,4.01,-0.042959427207637346,0.03084832904884305,2020-02
2020-03-01,3.3,-0.17705735660847877,-0.2794759825327512,2020-03
2020-04-01,2.4,-0.2727272727272727,-0.51417004048583,2020-04
2020-05-01,1.88,-0.21666666666666667,-0.5965665236051503,2020-05
2020-06-01,2.13,0.13297872340425543,-0.3679525222551929,2020-06
2020-07-01,2.31,0.08450704225352124,-0.28260869565217395,2020-07
2020-08-01,2.44,0.05627705627705626,-0.28862973760932953,2020-08
2020-09-01,3.14,0.28688524590163933,0.08650519031141868,2020-09
2020-10-01,3.92,0.24840764331210186,0.5433070866141732,2020-10
2020-11-01,4.31,0.09948979591836737,0.31804281345565744,2020-11
2020-12-01,4.52,0.04872389791183296,0.04872389791183296,2020-12
2021-01-01,4.56,0.008849557522123908,0.08830548926014292,2021-01
2021-02-01,5.2,0.14035087719298267,0.29675810473815467,2021-02
2021-03-01,6.1,0.1730769230769229,0.8484848484848484,2021-03
2021-04-01,6.76,0.1081967213114754,1.8166666666666669,2021-04
2021-05-01,8.06,0.1923076923076925,3.287234042553192,2021-05
2021-06-01,8.35,0.03598014888337464,2.92018779342723,2021-06
2021-07-01,8.99,0.07664670658682637,2.891774891774892,2021-07
2021-08-01,9.68,0.07675194660734141,2.9672131147540983,2021-08
2021-09-01,10.25,0.058884297520661155,2.2643312101910826,2021-09
2021-10-01,10.67,0.0409756097560976,1.7219387755102042,2021-10
2021-11-01,10.74,0.006560449859418949,1.4918793503480283,2021-11
2021-12-01,10.06,-0.06331471135940403,1.2256637168141595,2021-12
2022-01-01,10.38,0.031809145129224614,1.2763157894736845,2022-01
2022-02-01,10.54,0.015414258188824581,1.0269230769230768,2022-02
2022-03-01,11.3,0.07210626185958269,0.8524590163934429,2022-03
2022-04-01,12.13,0.07345132743362837,0.7943786982248522,2022-04
2022-05-01,11.73,-0.03297609233305854,0.45533498759305213,2022-05
2022-06-01,11.89,0.01364023870417741,0.42395209580838333,2022-06
2022-07-01,10.07,-0.15306980656013458,0.12013348164627358,2022-07
2022-08-01,8.73,-0.1330685203574975,-0.09814049586776852,2022-08
2022-09-01,7.17,-0.1786941580756014,-0.3004878048780488,2022-09
2022-10-01,6.47,-0.09762900976290101,-0.3936269915651359,2022-10
2022-11-01,5.9,-0.08809891808346204,-0.45065176908752325,2022-11
2022-12-01,5.79,-0.01864406779661021,-0.4244532803180915,2022-12
2023-01-01,5.77,-0.003454231433506094,-0.44412331406551064,2023-01
2023-02-01,5.6,-0.029462738301559765,-0.46869070208728647,2023-02
2023-03-01,4.65,-0.16964285714285698,-0.5884955752212389,2023-03
2023-04-01,4.18,-0.10107526881720441,-0.6553998351195384,2023-04
2023-05-01,3.94,-0.0574162679425837,-0.6641091219096334,2023-05
2023-06-01,3.16,-0.19796954314720805,-0.7342304457527333,2023-06
2023-07-01,3.99,0.26265822784810133,-0.6037735849056604,2023-07
2023-08-01,4.61,0.15538847117794496,-0.47193585337915234,2023-08
2023-09-01,5.19,0.12581344902386116,-0.2761506276150627,2023-09
2023-10-01,4.82,-0.07129094412331405,-0.25502318392581136,2023-10
2023-11-01,4.68,-0.02904564315352709,-0.20677966101694922,2023-11
2023-12-01,4.62,-0.012820512820512775,-0.20207253886010357,2023-12
2024-01-01,4.51,-0.023809523809523836,-0.21837088388214898,2024-01
2024-02-01,4.5,-0.0022172949002217113,-0.1964285714285714,2024-02
2024-03-01,3.93,-0.1266666666666666,-0.15483870967741942,2024-03
2024-04-01,3.69,-0.06106870229007644,-0.11722488038277512,2024-04
2024-05-01,3.93,0.0650406504065042,-0.0025380710659898,2024-05
2024-06-01,4.23,0.07633587786259555,0.3386075949367089,2024-06
2024-07-01,4.5,0.06382978723404253,0.1278195488721805,2024-07
2024-08-01,4.24,-0.057777777777777706,-0.08026030368763559,2024-08
2024-09-01,4.42,0.04245283018867907,-0.1483622350674375,2024-09
2024-10-01,4.76,0.07692307692307687,-0.012448132780083054,2024-10
2024-11-01,4.87,0.02310924369747913,0.040598290598290676,2024-11
2024-12-01,4.83,-0.008213552361396315,0.045454545454545414,2024-12
2025-01-01,4.56,-0.05590062111801253,0.011086474501108556,2025-01
2025-02-01,5.06,0.10964912280701755,0.12444444444444436,2025-02
2025-03-01,5.48,0.08300395256917015,0.3944020356234097,2025-03
2025-04-01,5.53,0.009124087591240837,0.49864498644986455,2025-04
2025-05-01,5.32,-0.03797468354430378,0.35368956743002555,2025-05
2025-06-01,5.35,0.005639097744360777,0.26477541371158364,2025-06
2025-07-01,5.23,-0.0224299065420559,0.16222222222222227,2025-07
2025-08-01,5.13,-0.019120458891013437,0.20990566037735836,2025-08
2025-09-01,5.17,0.007797270955165692,0.1696832579185521,2025-09
2025-10-01,4.68,-0.09477756286266925,-0.01680672268907568,2025-10
2025-11-01,4.46,-0.04700854700854695,-0.0841889117043122,2025-11
2025-12-01,4.26,-0.04484304932735428,-0.11801242236024856,2025-12
2026-01-01,4.44,0.04225352112676073,-0.02631578947368407,2026-01
2026-02-01,3.81,-0.141891891891892,-0.24703557312252955,2026-02
2026-03-01,4.14,0.0866141732283463,-0.24452554744525556,2026-03
